code,sp,gia,sale,store,img
57389124,Đèn trụ chiếu sáng sân vườn năng lượng mặt trời GV-GDL212, Liên hệ ,,45,C:\Users\salam\OneDrive\Documents\database dmt\den-san-vuon-luong-nang-luong-mat-troi-gv-gdl212.png
20987456,Đèn đường LED chiếu sáng năng lượng mặt trời GV-SL56 30W, Liên hệ ,,82,C:\Users\salam\OneDrive\Documents\database dmt\den-san-vuon-luong-nang-luong-mat-troi-gv-gdl212.png
68431297,Đèn trụ năng lượng mặt trời sân vườn chống nước GV-GDL0741," 1,590,000₫ "," 950,000₫ ",13,C:\Users\salam\OneDrive\Documents\database dmt\den-san-vuon-luong-nang-luong-mat-troi-gv-gdl212.png
13579024,Đèn ngọn đuốc sử dụng năng lượng mặt trời GV-PL-ST30," 1,590,000₫ "," 950,000₫ ",68,C:\Users\salam\OneDrive\Documents\database dmt\den-san-vuon-luong-nang-luong-mat-troi-gv-gdl212.png
46821573,Đèn LED pha siêu sáng năng lượng mặt trời GV-FL-P1 30W," 1,590,000₫ "," 950,000₫ ",27,C:\Users\salam\OneDrive\Documents\database dmt\den-san-vuon-luong-nang-luong-mat-troi-gv-gdl212.png
98234715,Đèn pha Led năng lượng mặt trời 60W GV9960," 1,590,000₫ "," 950,000₫ ",0,C:\Users\salam\OneDrive\Documents\database dmt\den-san-vuon-luong-nang-luong-mat-troi-gv-gdl212.png
72610389,Đèn năng lượng mặt trời ốp tường GV-WL-SW15, Liên hệ ,,53,C:\Users\salam\OneDrive\Documents\database dmt\den-san-vuon-luong-nang-luong-mat-troi-gv-gdl212.png
54123768,Đèn pha LED gắn tường năng lượng mặt trời GV-WL0823 (8W)," 1,590,000₫ "," 950,000₫ ",19,C:\Users\salam\OneDrive\Documents\database dmt\den-san-vuon-luong-nang-luong-mat-troi-gv-gdl212.png
89061432,Đèn pha sạc điện & Solar kết nối được bluetooth SDT-100W," 1,590,000₫ "," 950,000₫ ",76,C:\Users\salam\OneDrive\Documents\database dmt\den-san-vuon-luong-nang-luong-mat-troi-gv-gdl212.png
35748219,Đèn pha sạc điện và năng lượng mặt trời YTH-E-100W," 1,590,000₫ "," 950,000₫ ",34,C:\Users\salam\OneDrive\Documents\database dmt\den-san-vuon-luong-nang-luong-mat-troi-gv-gdl212.png
62419783,Đèn treo tường sử dụng điện mặt trời GV-WL211," 1,590,000₫ "," 950,000₫ ",59,C:\Users\salam\OneDrive\Documents\database dmt\den-san-vuon-luong-nang-luong-mat-troi-gv-gdl212.png
81903624,Đèn đường sử dụng năng lượng mặt trời GV-SL0550 (15-24-36W)," 1,590,000₫ "," 950,000₫ ",7,C:\Users\salam\OneDrive\Documents\database dmt\den-san-vuon-luong-nang-luong-mat-troi-gv-gdl212.png
40217658,Đèn trụ năng lượng mặt trời chiếu sân vườn GV-GDL2602C," 1,590,000₫ "," 950,000₫ ",88,C:\Users\salam\OneDrive\Documents\database dmt\den-san-vuon-luong-nang-luong-mat-troi-gv-gdl212.png
13659780,Đèn năng lượng mặt trời kết nối bluetooth phát nhạc GV-AL301," 1,590,000₫ "," 950,000₫ ",41,C:\Users\salam\OneDrive\Documents\database dmt\den-san-vuon-luong-nang-luong-mat-troi-gv-gdl212.png
97524831,Tấm pin năng lượng mặt trời Mono MSP 100W," 1,590,000₫ "," 950,000₫ ",0,C:\Users\salam\OneDrive\Documents\database dmt\pin-mat-troi-mono-100w.jpg
68321975,Panel thu năng lượng mặt trời MONO 150W," 1,590,000₫ "," 950,000₫ ",22,C:\Users\salam\OneDrive\Documents\database dmt\pin-mat-troi-mono-100w.jpg
24586193,Panel năng lượng mặt trời Jinkosolar Tiger 78M 465W," 1,590,000₫ "," 950,000₫ ",95,C:\Users\salam\OneDrive\Documents\database dmt\pin-mat-troi-mono-100w.jpg
70148236,Tấm pin thế hệ mới Jinko Solar Tiger Neo 560W,, Liên hệ ,50,C:\Users\salam\OneDrive\Documents\database dmt\pin-mat-troi-mono-100w.jpg
31897462,Pin năng lượng mặt trời Jinko Tiger TR 78M 460W," 1,590,000₫ "," 950,000₫ ",11,C:\Users\salam\OneDrive\Documents\database dmt\pin-mat-troi-mono-100w.jpg
56920314,Tấm pin mặt trời Jinkosolar Tiger Pro TR 560W," 1,590,000₫ "," 950,000₫ ",0,C:\Users\salam\OneDrive\Documents\database dmt\pin-mat-troi-mono-100w.jpg
82471503,Tấm pin mặt trời JINKO Tiger Pro HC Mono 530W," 1,590,000₫ "," 950,000₫ ",38,C:\Users\salam\OneDrive\Documents\database dmt\pin-mat-troi-mono-100w.jpg
19038457,Pin mặt trời cao cấp JinkoSolar Tiger Pro 535W, Liên hệ ,,86,C:\Users\salam\OneDrive\Documents\database dmt\pin-mat-troi-mono-100w.jpg